GEOID,n
13121000100,142.1652596700865
13121000500,169.6290030154441
13121001100,567.0455243659131
13121001201,145.3962882989521
13121001202,247.1736901082185
13121001600,66.23608689174483
13121001700,599.3558106545692
13121003000,117.9325449535945
13121004900,24.23271471649201
13121005000,218.0944324484281
13121008902,539.5817810205555
13121009000,79.16020140720724
13121009101,429.726807639125
