GEOID,n
25025020303,390.400661060965
25025030500,12.49282115395088
25025060600,658.9963158709087
25025061200,109.3121850970702
25025070300,40.60166875034036
25025070500,21.86243701941403
25025070800,20.30083437517018
