GEOID,n
48113000404,218.8375802681975
48113000500,816.6764770878383
48113000603,96.73255359681193
48113000605,17.44357523876936
48113000701,474.1480905810945
48113000702,153.8206180146026
48113000900,329.8421499694571
48113001701,125.2765858057072
48113001703,74.53163965656
48113001704,191.879327626463
48113001800,412.3026874618213
48113001900,1068.815428266414
48113002100,187.1219889249804
48113003101,382.1728756857651
48113010000,965.7397564009583
48113020400,421.8173648647864
