GEOID,n
08031000303,20.10899014684576
08031000402,116.0134046933409
08031001102,233.5736547825931
08031001600,611.0039313849289
08031001701,477.9752273365645
08031002000,326.3843785372658
08031002100,215.0115100316585
08031002602,133.0287040483643
08031003800,267.6042534926397
08031004202,18.56214475093455
08031004304,55.68643425280364
