GEOID,n
27053021400,85.40046469513371
27053021900,65.21490031264756
27053022000,60.55669314745845
27053022901,144.4044221208624
27053103600,68.32037175610697
27053106500,45.02933593016141
27053108000,66.76763603437726
27053110500,86.95320041686341
27053111100,65.21490031264756
27053126100,816.7389896298241
27053126200,698.7310747783666
