GEOID,n
42101000100,85.06277665251801
42101000402,125.8929094457266
42101001002,40.83013279320863
42101001202,59.5439436567626
42101001300,39.12887726015828
42101001500,30.62259959490648
42101001800,88.46528771861873
42101014200,23.81757746270504
42101036600,73.15398792116548
42101036700,22.11632192965468
