GEOID,n
06075011000,25.37915801193703
06075013500,20.62056588469884
06075015100,53.93071077536619
06075016200,36.48253964215948
06075016801,36.48253964215948
06075016900,22.2067632604449
06075018000,30.13775013917522
06075020300,60.27550027835045
06075022600,109.4476189264784
06075030101,39.65493439365162
06075060100,65.03409240558864
06075060700,540.893305129408
06075061000,33.31014489066735
06075061500,358.4806069186106
